label,intensidade,simetria
0,147.93333333333334,260.94117647058823
0,131.05490196078432,245.44313725490196
0,134.89019607843136,303.4509803921569
0,139.9764705882353,267.843137254902
0,129.58039215686276,260.54901960784315
0,115.07058823529412,283.7019607843137
0,117.21176470588236,257.6156862745098
0,144.7921568627451,306.7607843137255
0,152.4078431372549,300.4392156862745
0,131.0705882352941,280.4392156862745
0,145.66666666666666,310.5411764705882
0,121.50588235294117,273.6941176470589
0,124.17647058823529,236.12549019607843
0,113.61176470588235,284.5019607843137
0,148.06666666666666,298.0392156862745
0,132.19607843137254,283.2
0,142.87058823529412,231.57647058823528
0,132.25098039215686,274.3529411764706
0,158.30196078431374,284.62745098039215
0,143.5529411764706,278.99607843137255
0,148.80392156862746,299.43529411764706
0,130.47450980392156,312.04705882352937
0,136.4392156862745,250.3686274509804
0,141.98823529411766,255.9529411764706
0,131.4313725490196,285.78823529411767
0,116.84705882352941,302.82352941176475
0,122.26274509803922,255.70196078431374
0,135.30588235294118,273.4117647058824
0,136.2313725490196,296.18823529411765
0,141.2627450980392,261.33333333333337
0,112.72941176470589,270.8078431372549
0,131.90980392156862,306.99607843137255
0,151.57647058823528,278.44705882352946
0,142.35686274509803,260.878431372549
0,135.45490196078433,296.42352941176466
0,117.50980392156863,292.0313725490196
0,128.58039215686276,252.04705882352943
0,132.3294117647059,321.9764705882353
0,141.88235294117646,294.85490196078433
0,127.41568627450981,303.8274509803922
0,129.34117647058824,246.4156862745098
0,136.10980392156864,317.16078431372546
0,139.31764705882352,299.92156862745094
0,137.01176470588234,245.521568627451
0,119.97647058823529,293.2392156862745
0,117.10980392156863,260.8313725490196
0,138.91764705882352,235.35686274509803
0,127.7843137254902,283.43529411764706
0,137.27058823529413,279.02745098039213
0,143.54509803921567,301.75686274509803
0,132.64313725490197,271.9843137254902
0,139.9686274509804,246.52549019607847
0,119.18039215686275,250.3686274509804
0,124.94117647058823,317.0980392156863
0,135.20392156862746,290.24313725490197
0,146.2980392156863,241.08235294117645
0,139.4392156862745,286.5254901960784
0,131.9921568627451,301.4901960784314
0,142.81176470588235,292.3921568627451
0,126.33725490196079,250.18039215686275
0,154.6627450980392,266.0235294117647
0,119.41960784313726,304.97254901960787
0,138.7372549019608,243.76470588235293
0,143.73333333333332,257.14509803921567
0,132.34509803921569,241.31764705882352
0,114.90588235294118,278.61960784313726
0,132.5529411764706,284.0
0,140.28235294117647,311.9686274509804
0,138.7450980392157,287.6549019607843
0,136.13333333333333,312.97254901960787
0,125.96078431372548,247.96862745098042
0,138.1450980392157,229.94509803921568
0,139.95686274509805,265.91372549019604
0,137.98431372549018,283.05882352941177
0,130.5921568627451,297.92941176470583
0,125.75294117647059,268.8627450980392
0,126.09411764705882,278.964705882353
0,139.54509803921567,253.78823529411764
0,116.54509803921569,268.1411764705882
0,140.72156862745098,307.1372549019608
0,133.1607843137255,290.9176470588235
0,139.85098039215686,316.7686274509804
0,128.36470588235295,245.05098039215687
0,124.30196078431372,249.00392156862745
0,140.49411764705883,299.54509803921565
0,145.12156862745098,281.53725490196075
0,132.4,305.6941176470588
0,153.09019607843138,256.97254901960787
0,132.5529411764706,322.0705882352941
0,124.86666666666666,311.6392156862745
0,150.64705882352942,246.13333333333333
0,155.86274509803923,272.42352941176466
0,137.57647058823528,283.5764705882353
0,122.37254901960785,265.6313725490196
0,138.64705882352942,308.26666666666665
0,144.41176470588235,289.52156862745096
0,126.93333333333334,278.18039215686275
0,113.86274509803921,292.25098039215686
0,148.2549019607843,259.6549019607843
0,122.49803921568628,275.89019607843136
0,148.3686274509804,295.45098039215685
0,125.90588235294118,301.5529411764706
0,114.56862745098039,294.1490196078431
0,135.2549019607843,288.7529411764706
0,123.53725490196078,315.51372549019607
0,125.32549019607843,316.8627450980392
0,152.24705882352941,299.37254901960785
0,132.08627450980393,245.75686274509803
0,133.95294117647057,277.4901960784314
0,134.86666666666667,299.35686274509806
0,125.93333333333334,290.8862745098039
0,137.05490196078432,268.04705882352937
0,144.18823529411765,261.0980392156863
0,135.31764705882352,277.8352941176471
0,121.23137254901961,256.721568627451
0,132.28627450980392,306.0549019607843
0,129.36470588235295,272.7529411764706
0,122.19607843137256,276.62745098039215
0,131.53333333333333,256.17254901960786
0,150.7921568627451,248.14117647058822
0,153.65882352941176,297.678431372549
0,135.2313725490196,304.3921568627451
0,154.98039215686273,270.71372549019605
0,145.1607843137255,317.9764705882353
0,119.87058823529412,261.22352941176473
0,148.47058823529412,271.34117647058827
0,151.5843137254902,291.278431372549
0,114.44705882352942,282.19607843137254
0,141.29019607843136,321.035294117647
0,146.5529411764706,273.01960784313724
0,143.70980392156864,279.7019607843137
0,132.87843137254902,250.66666666666669
0,123.82352941176471,261.0509803921568
0,157.8078431372549,274.08627450980396
0,147.1450980392157,311.6862745098039
0,132.43529411764706,235.29411764705884
0,140.61960784313726,306.99607843137255
0,150.52941176470588,301.8509803921569
0,153.87450980392157,294.6666666666667
0,122.24313725490197,269.00392156862745
0,138.72549019607843,286.3843137254902
0,143.27450980392157,251.93725490196078
0,146.58823529411765,268.6745098039216
0,120.82745098039216,298.54117647058825
0,145.10980392156864,260.9098039215686
0,127.28235294117647,251.87450980392157
0,147.07843137254903,257.81960784313725
0,127.72549019607843,270.4
0,121.7921568627451,311.05882352941177
0,132.6627450980392,244.59607843137255
0,134.72941176470587,321.1294117647059
0,119.65098039215687,299.07450980392156
0,148.30980392156863,257.9921568627451
0,136.7686274509804,237.64705882352942
0,120.8156862745098,288.078431372549
0,146.46666666666667,309.8666666666667
0,146.93725490196078,281.8196078431373
0,138.6627450980392,236.62745098039215
0,125.13333333333334,304.84705882352944
0,141.7764705882353,295.2
0,125.89411764705882,286.5098039215686
0,122.84705882352941,293.2078431372549
0,133.42745098039217,245.33333333333331
0,145.56470588235294,316.8941176470588
0,127.7764705882353,262.9019607843137
0,140.2313725490196,254.16470588235296
0,133.5607843137255,251.78039215686275
0,146.45098039215685,280.7058823529412
0,146.3921568627451,306.1960784313726
0,145.53333333333333,296.878431372549
0,144.1529411764706,317.2549019607843
0,150.98823529411766,252.3294117647059
0,144.8078431372549,301.1137254901961
0,125.53725490196078,281.00392156862745
0,142.7764705882353,294.83921568627454
0,139.81176470588235,316.3450980392157
0,136.98039215686273,310.99607843137255
0,121.92156862745098,260.92549019607844
0,146.37254901960785,294.19607843137254
0,136.6156862745098,315.6705882352941
0,123.92156862745098,263.37254901960785
0,116.80392156862744,258.16470588235296
0,130.91372549019607,293.74117647058824
0,151.77254901960785,294.55686274509804
0,123.01176470588236,291.71764705882356
0,145.47058823529412,267.05882352941177
0,132.33333333333334,277.9294117647059
0,127.76862745098039,267.5607843137255
0,132.41960784313724,317.4901960784314
0,143.95686274509805,309.7098039215686
0,117.33725490196079,296.721568627451
0,146.94509803921568,276.65882352941173
0,143.3607843137255,245.44313725490196
0,148.85098039215686,292.956862745098
0,135.05490196078432,255.85882352941178
0,118.34901960784313,253.45882352941175
0,126.03529411764706,261.6941176470588
0,145.53333333333333,261.22352941176473
0,118.90196078431373,263.1372549019608
0,136.30588235294118,298.65098039215684
0,125.6313725490196,289.88235294117646
0,121.52156862745097,293.9921568627451
0,138.46666666666667,304.5176470588235
0,146.44313725490196,234.94901960784313
0,155.52941176470588,294.99607843137255
0,138.81960784313725,239.01176470588234
0,151.78039215686275,243.6235294117647
0,136.82745098039214,309.4588235294118
0,130.53725490196078,296.0313725490196
0,135.86666666666667,282.85490196078433
0,152.05882352941177,303.05882352941177
0,150.90196078431373,243.16862745098038
0,152.14901960784314,244.4392156862745
0,125.32156862745099,300.97254901960787
0,146.56470588235294,290.18039215686275
0,131.03529411764706,257.6627450980392
0,155.70980392156864,293.8666666666667
0,135.31372549019608,284.0313725490196
1,51.63921568627451,142.8862745098039
1,51.674509803921566,170.10196078431372
1,44.84705882352941,145.34901960784313
1,50.76078431372549,163.89019607843136
1,57.78823529411765,145.12941176470588
1,56.043137254901964,134.61960784313726
1,54.61960784313725,173.89803921568625
1,56.745098039215684,177.09803921568627
1,48.59607843137255,124.59607843137255
1,46.050980392156866,143.6235294117647
1,50.11764705882353,165.97647058823532
1,57.46666666666667,161.1607843137255
1,47.27450980392157,158.02352941176468
1,54.8,139.60784313725492
1,59.94509803921569,119.71764705882353
1,57.09411764705882,146.69803921568626
1,55.79607843137255,152.61176470588236
1,66.62745098039215,139.46666666666667
1,54.219607843137254,175.67058823529413
1,65.52549019607844,166.4627450980392
1,47.956862745098036,161.66274509803924
1,54.34117647058824,146.27450980392155
1,53.050980392156866,134.32156862745097
1,48.91372549019608,136.7058823529412
1,62.694117647058825,171.57647058823528
1,60.76470588235294,171.05882352941177
1,62.90196078431372,121.99215686274509
1,59.57254901960784,173.80392156862746
1,61.431372549019606,134.21176470588236
1,51.101960784313725,127.52941176470588
1,64.89019607843137,164.3764705882353
1,68.59607843137255,165.01960784313724
1,60.27843137254902,158.3529411764706
1,62.57254901960784,128.8
1,50.04705882352941,144.76862745098038
1,47.69803921568627,151.1686274509804
1,54.85490196078431,169.36470588235295
1,48.694117647058825,155.79607843137256
1,52.062745098039215,153.88235294117646
1,49.16078431372549,166.14901960784312
1,46.29803921568627,137.16078431372551
1,66.89019607843137,143.52941176470588
1,52.39607843137255,153.34901960784313
1,58.76078431372549,171.71764705882353
1,48.2,166.22745098039215
1,61.909803921568624,173.1764705882353
1,56.286274509803924,129.05098039215687
1,53.90196078431372,141.9607843137255
1,45.80392156862745,136.95686274509805
1,44.549019607843135,141.60000000000002
1,50.48235294117647,167.05882352941177
1,45.29803921568627,148.0313725490196
1,47.568627450980394,166.8235294117647
1,63.57254901960784,131.12156862745098
1,49.917647058823526,171.5607843137255
1,47.5843137254902,148.3921568627451
1,51.15294117647059,151.67058823529413
1,46.31372549019608,136.3607843137255
1,59.870588235294115,138.66666666666669
1,58.858823529411765,124.50196078431372
1,57.16078431372549,167.49803921568628
1,52.06666666666667,142.50980392156862
1,58.811764705882354,163.41960784313727
1,52.654901960784315,125.16078431372549
1,56.219607843137254,142.478431372549
1,49.07450980392157,152.58039215686276
1,52.27450980392157,150.05490196078432
1,65.53725490196078,138.0705882352941
1,57.56470588235294,157.22352941176473
1,53.47843137254902,133.53725490196078
1,59.462745098039214,178.9019607843137
1,48.0,157.34901960784316
1,49.06666666666667,144.42352941176472
1,60.529411764705884,160.4549019607843
1,69.45882352941176,122.88627450980393
1,61.83921568627451,137.2235294117647
1,67.24705882352941,125.77254901960785
1,57.1921568627451,171.13725490196077
1,57.31372549019608,148.6588235294118
1,49.61176470588235,141.67843137254903
1,66.02352941176471,159.85882352941178
1,49.16470588235294,127.54509803921569
1,52.745098039215684,128.17254901960786
1,69.26274509803922,143.921568627451
1,48.31372549019608,145.1137254901961
1,51.188235294117646,166.7764705882353
1,62.537254901960786,117.83529411764705
1,72.6,142.4470588235294
1,59.30980392156863,168.39215686274508
1,51.588235294117645,153.64705882352942
1,50.44705882352941,141.45882352941175
1,55.84313725490196,148.26666666666665
1,51.50588235294118,159.6235294117647
1,61.76862745098039,121.01960784313725
1,54.07058823529412,126.35294117647058
1,53.015686274509804,140.0156862745098
1,48.28235294117647,134.08627450980393
1,51.1843137254902,165.42745098039217
1,46.36078431372549,146.3529411764706
1,61.05882352941177,129.78823529411764
1,54.258823529411764,172.10980392156864
1,56.83921568627451,167.09019607843135
1,62.627450980392155,178.57254901960783
1,68.5764705882353,171.2627450980392
1,54.431372549019606,159.07450980392156
1,58.858823529411765,142.24313725490197
1,55.023529411764706,175.81176470588235
1,55.68235294117647,143.1843137254902
1,49.07058823529412,141.94509803921568
1,46.30196078431373,135.15294117647056
1,55.8156862745098,167.30980392156863
1,62.16078431372549,165.75686274509803
1,65.61960784313726,174.41568627450982
1,72.25098039215686,162.3843137254902
1,69.14509803921568,164.32941176470587
1,53.27058823529412,120.94117647058823
1,52.44705882352941,127.921568627451
1,68.96470588235294,157.50588235294117
1,61.694117647058825,140.70588235294116
1,49.88627450980392,145.41176470588235
1,49.56078431372549,170.19607843137254
1,47.47450980392157,144.0156862745098
1,55.305882352941175,137.38039215686274
1,70.10588235294118,147.87450980392157
1,46.8156862745098,165.86666666666667
1,51.54509803921569,167.54509803921567
1,47.917647058823526,149.1921568627451
1,61.266666666666666,131.79607843137256
1,69.41176470588235,127.16862745098038
1,57.96862745098039,168.8
1,52.73725490196078,151.43529411764706
1,65.64313725490196,127.43529411764706
1,48.772549019607844,164.14117647058822
1,46.47450980392157,138.96470588235292
1,49.87843137254902,149.08235294117645
1,53.01176470588236,145.05098039215687
1,53.78431372549019,161.22352941176473
1,58.13333333333333,166.85490196078433
1,68.49803921568628,168.10980392156864
1,63.6078431372549,157.58431372549018
1,56.78431372549019,129.34901960784313
1,58.36862745098039,168.8
1,64.56470588235294,129.50588235294117
1,50.27058823529412,123.34117647058824
1,54.87450980392157,138.03921568627453
1,48.501960784313724,163.60784313725492
1,46.24313725490196,156.0
1,46.83921568627451,135.43529411764706
1,52.30980392156863,168.61176470588236
1,50.76078431372549,153.6
1,59.83921568627451,167.59215686274507
1,44.47450980392157,141.9137254901961
1,60.83921568627451,166.35294117647058
1,44.87450980392157,149.1137254901961
1,51.219607843137254,154.54117647058825
1,44.63529411764706,144.90980392156862
1,49.03137254901961,149.08235294117648
1,53.96078431372549,176.12549019607843
1,56.76470588235294,140.53333333333333
1,65.6156862745098,174.4156862745098
1,62.89019607843137,157.50588235294117
1,66.6313725490196,173.75686274509803
1,56.22352941176471,170.55686274509804
1,74.56470588235294,138.0392156862745
1,57.13725490196079,166.69803921568626
1,45.372549019607845,153.31764705882352
1,57.898039215686275,115.78039215686275
1,67.92941176470588,169.31764705882352
1,55.286274509803924,168.0313725490196
1,63.25098039215686,167.37254901960785
1,45.02745098039216,146.08627450980393
1,51.6,158.7764705882353
1,47.529411764705884,148.95686274509802
1,63.87450980392157,177.64705882352942
1,48.54509803921569,141.12941176470588
1,43.92549019607843,148.53333333333333
1,45.20392156862745,155.84313725490196
1,64.00784313725491,167.32549019607842
1,71.3843137254902,154.16470588235296
1,69.48627450980392,139.46666666666667
1,47.85490196078431,155.4823529411765
1,65.6,134.7450980392157
1,60.12549019607843,170.49411764705883
1,55.92941176470588,173.03529411764706
1,50.568627450980394,161.16078431372551
1,62.345098039215685,144.8156862745098
1,52.831372549019605,165.09803921568627
1,46.27843137254902,144.078431372549
1,56.03529411764706,177.77254901960785
1,61.694117647058825,115.74901960784314
1,53.470588235294116,148.7686274509804
1,60.35294117647059,125.81960784313725
1,63.62352941176471,169.1921568627451
1,63.4078431372549,117.89803921568627
1,51.462745098039214,143.5450980392157
1,67.94117647058823,138.21176470588233
1,52.666666666666664,166.39999999999998
1,61.38823529411765,156.75294117647059
1,56.45882352941177,144.62745098039215
1,49.39607843137255,123.81176470588235
1,45.95294117647059,145.27058823529413
1,61.96078431372549,168.59607843137258
1,67.54901960784314,138.4470588235294
1,66.34901960784313,153.36470588235295
1,47.96862745098039,167.93725490196078
1,60.48627450980392,161.78823529411767
1,50.188235294117646,134.87058823529412
1,56.05490196078431,121.27058823529413
1,44.470588235294116,155.74901960784314
1,50.3921568627451,172.0
1,52.35294117647059,157.88235294117646
1,45.48627450980392,156.53333333333336
1,70.92941176470588,156.59607843137258
1,50.61176470588235,163.6078431372549
1,45.73725490196078,153.2078431372549
1,47.07450980392157,131.93725490196078
1,57.19607843137255,125.36470588235295
1,59.956862745098036,165.42745098039217
1,61.694117647058825,132.4392156862745
1,58.25098039215686,176.31372549019608
1,46.83529411764706,159.01176470588234
1,45.4,158.30588235294118
1,51.1764705882353,132.3764705882353
1,59.11372549019608,135.05882352941177
1,60.29019607843137,153.77254901960785
1,52.6,143.45098039215685
1,48.384313725490195,146.3529411764706
1,59.780392156862746,117.97647058823529
1,51.8,142.5254901960784
1,46.29803921568627,141.14509803921567
1,68.38823529411765,151.02745098039216
1,57.56078431372549,178.0705882352941
1,61.219607843137254,128.32941176470587
1,62.141176470588235,140.34509803921569
1,51.5921568627451,163.57647058823528
1,64.29019607843138,171.04313725490198
1,45.490196078431374,139.43529411764706
1,61.90196078431372,173.41176470588235
1,53.5921568627451,124.65882352941176
1,44.909803921568624,136.03137254901964
1,60.88235294117647,177.7098039215686
1,49.89411764705882,123.92156862745098
1,53.03137254901961,143.71764705882353
1,54.34117647058824,162.10196078431375
1,57.29019607843137,143.9686274509804
1,60.23921568627451,141.80392156862746
1,48.61176470588235,144.7843137254902
1,52.69803921568627,132.21960784313725
1,65.4235294117647,131.37254901960785
1,55.39607843137255,176.21960784313725
1,57.898039215686275,127.01176470588236
1,58.87843137254902,155.87450980392157
1,59.35686274509804,136.10980392156864
1,65.90980392156862,129.9921568627451
1,53.227450980392156,176.04705882352943
1,53.294117647058826,132.7843137254902
1,49.8078431372549,138.57254901960783
1,48.65882352941176,162.24313725490197
1,62.31372549019608,142.96470588235294
1,44.411764705882355,148.54901960784315
1,51.65882352941176,167.87450980392157
1,55.043137254901964,141.94509803921568
1,58.39607843137255,135.51372549019607
1,57.76078431372549,127.96862745098039
1,56.30196078431373,160.09411764705882
1,63.40392156862745,169.69411764705882
1,51.90196078431372,130.18039215686275
1,60.45882352941177,118.0392156862745
1,52.576470588235296,133.6313725490196
1,56.21568627450981,158.49411764705883
1,73.10196078431373,131.71764705882353
1,65.32549019607843,153.31764705882352
1,63.27843137254902,178.0392156862745
1,71.85098039215686,134.7764705882353
1,68.22745098039216,127.15294117647059
1,49.98039215686274,154.05490196078432
1,44.68627450980392,139.13725490196077
1,56.207843137254905,132.47058823529412
1,66.31764705882352,167.90588235294118
1,55.09411764705882,148.20392156862744
1,51.694117647058825,168.078431372549
1,51.50588235294118,166.93333333333334
1,52.23529411764706,139.5607843137255
1,52.1921568627451,170.3843137254902
1,53.16078431372549,129.72549019607843
1,50.219607843137254,152.10980392156864
1,49.27843137254902,167.10588235294117
1,52.04705882352941,121.63137254901962
1,63.16078431372549,168.8156862745098
1,50.062745098039215,162.55686274509804
1,51.129411764705885,166.4156862745098
1,51.01176470588236,138.58823529411765
4,92.91764705882353,194.47843137254904
4,100.45490196078431,223.43529411764706
4,105.27058823529411,197.16078431372551
4,97.8156862745098,221.64705882352942
4,99.96470588235294,199.6235294117647
4,96.18823529411765,232.7843137254902
4,93.1921568627451,189.85098039215688
4,86.90980392156862,206.13333333333333
4,98.7607843137255,200.97254901960784
4,91.14901960784314,228.56470588235294
4,107.24313725490197,206.0078431372549
4,84.56862745098039,224.28235294117647
4,87.36078431372549,226.4470588235294
4,101.41960784313726,233.1764705882353
4,88.19607843137256,184.56470588235294
4,97.55294117647058,199.02745098039216
4,93.30588235294118,217.05098039215687
4,94.83529411764705,211.02745098039216
4,93.25098039215686,194.99607843137255
4,100.45882352941176,208.21960784313725
4,98.10980392156863,198.60392156862744
4,94.58431372549019,202.0235294117647
4,86.14901960784314,191.85882352941178
4,104.17254901960784,227.71764705882356
4,85.09803921568627,226.05490196078432
4,100.78039215686275,196.4392156862745
4,81.8078431372549,212.34509803921569
4,92.73333333333333,191.67058823529413
4,98.32941176470588,225.72549019607843
4,87.28235294117647,196.48627450980393
4,87.15294117647059,219.05882352941177
4,100.65882352941176,212.3607843137255
4,99.69019607843137,227.68627450980392
4,94.78823529411764,226.7137254901961
4,93.7764705882353,225.28627450980395
4,99.26274509803922,225.34901960784313
4,103.43137254901961,227.46666666666667
4,99.09019607843138,205.42745098039217
4,95.58431372549019,202.79215686274512
4,95.49019607843137,230.32156862745097
4,92.05098039215686,193.78823529411764
4,87.4,219.9843137254902
4,89.38039215686274,214.27450980392155
4,97.76862745098039,205.77254901960782
4,97.6156862745098,209.86666666666667
4,93.46274509803922,219.54509803921567
4,89.72941176470589,227.2941176470588
4,97.03137254901961,190.8549019607843
4,102.31764705882352,205.83529411764704
4,97.39607843137254,227.2627450980392
4,104.64313725490196,221.67843137254903
4,104.38823529411765,213.78823529411767
4,86.6470588235294,217.6156862745098
4,94.50588235294117,208.0
4,92.10196078431373,193.42745098039217
4,99.73725490196078,226.0862745098039
4,89.6,191.32549019607842
4,102.17647058823529,187.84313725490196
4,83.89019607843137,210.10196078431372
4,87.6,229.34901960784316
4,89.12941176470588,185.38039215686274
4,100.17254901960784,230.66666666666669
4,106.92941176470588,191.9686274509804
4,93.41176470588235,207.30980392156863
4,108.29019607843138,211.67058823529413
4,83.82745098039216,210.32156862745097
4,103.28627450980392,222.50980392156862
4,91.84705882352941,201.9294117647059
4,95.04313725490196,229.47450980392156
4,95.6470588235294,211.87450980392157
4,96.24313725490197,228.31372549019608
4,86.32941176470588,208.34509803921569
4,84.2235294117647,224.69019607843137
4,82.78823529411764,204.53333333333333
4,89.3686274509804,209.42745098039217
4,105.01176470588236,220.92549019607844
4,96.23529411764706,235.95294117647057
4,86.60392156862746,193.1764705882353
4,87.91372549019607,212.25098039215686
4,98.88235294117646,210.61960784313726
4,101.14509803921568,228.86274509803923
4,90.7921568627451,185.6
4,107.13725490196079,212.7843137254902
4,103.29411764705883,204.92549019607844
4,86.79607843137255,221.1607843137255
4,85.36078431372549,204.59607843137258
4,89.29803921568627,184.0
4,90.26666666666667,182.0705882352941
4,106.29803921568627,212.4078431372549
4,100.67058823529412,224.17254901960783
4,87.70196078431373,214.10196078431372
4,103.08627450980393,216.62745098039215
4,90.27058823529411,187.5607843137255
4,91.74117647058823,196.7843137254902
4,94.59607843137255,181.33333333333334
4,107.96470588235294,211.43529411764706
4,88.89019607843137,227.38823529411764
4,95.17254901960784,187.79607843137256
4,90.6,221.80392156862746
4,100.37647058823529,198.05490196078432
4,98.96862745098039,220.4549019607843
4,94.95686274509804,208.90980392156862
4,95.2235294117647,189.28627450980392
4,95.93333333333334,191.02745098039213
4,99.25490196078431,221.80392156862746
4,86.80392156862744,201.69411764705882
4,90.45490196078431,211.34117647058824
4,102.69803921568628,208.94117647058823
4,98.91764705882353,229.75686274509803
4,99.05490196078432,225.33333333333334
4,98.92941176470588,230.66666666666666
4,95.54117647058824,218.87058823529412
4,106.4078431372549,225.74117647058824
4,102.3686274509804,189.34901960784313
4,93.78823529411764,211.65490196078431
4,87.26666666666667,218.8235294117647
4,84.12549019607843,192.06274509803922
4,81.29019607843138,208.8
4,101.25098039215686,231.84313725490193
4,88.43921568627451,227.52941176470588
4,86.39607843137254,229.14509803921567
4,93.58431372549019,194.3686274509804
4,94.58823529411765,211.84313725490196
4,92.26274509803922,228.17254901960786
4,86.6470588235294,191.32549019607842
4,81.52156862745097,213.1137254901961
4,95.4,191.5921568627451
4,83.21176470588236,222.0078431372549
4,100.95294117647059,215.1058823529412
4,103.65882352941176,211.5921568627451
4,102.66666666666667,197.00392156862745
4,104.10588235294118,208.87843137254902
4,82.85098039215686,210.63529411764705
4,95.47843137254903,230.63529411764705
4,85.48627450980392,204.86274509803923
4,85.03137254901961,212.0313725490196
4,87.47843137254903,185.1764705882353
4,96.85882352941177,183.34117647058824
4,98.69803921568628,189.44313725490196
4,82.49411764705883,201.6627450980392
4,87.65882352941176,215.05882352941177
4,96.35686274509804,193.28627450980392
4,86.7764705882353,227.90588235294118
4,81.53725490196078,214.0705882352941
4,89.10980392156863,199.40392156862745
4,89.52549019607844,182.60392156862747
4,88.85882352941177,210.58823529411762
4,103.81176470588235,219.71764705882353
4,90.70196078431373,219.23137254901962
4,98.98823529411764,232.40784313725493
4,83.09411764705882,195.74901960784314
4,101.00784313725491,222.29019607843136
4,84.84705882352941,193.70980392156864
4,97.76470588235294,186.35294117647058
4,87.00784313725491,193.34901960784313
4,92.65490196078431,184.15686274509804
4,82.96470588235294,197.44313725490196
4,87.17254901960784,222.7921568627451
4,99.92156862745098,218.0392156862745
4,97.39607843137254,195.30980392156863
4,100.73333333333333,221.9294117647059
4,90.03529411764706,226.3686274509804
4,95.41960784313726,211.4823529411765
4,88.29019607843138,202.76078431372548
4,107.10196078431373,213.77254901960782
4,85.58039215686274,212.7372549019608
4,102.13725490196079,223.71764705882353
4,106.10980392156863,205.86666666666667
4,103.13725490196079,221.09803921568627
4,82.43529411764706,202.25882352941176
4,83.27450980392157,202.96470588235292
4,87.87843137254902,186.7294117647059
4,100.52156862745097,204.50196078431372
4,85.44313725490196,191.68627450980392
4,98.54117647058824,205.66274509803924
4,86.62352941176471,227.24705882352941
4,82.99215686274509,203.12156862745098
4,84.61960784313726,209.521568627451
4,83.93725490196078,215.7019607843137
4,89.25490196078431,192.3764705882353
4,104.38039215686274,225.85098039215686
4,83.2156862745098,212.25098039215686
4,83.06666666666666,204.4392156862745
4,99.72941176470589,189.75686274509803
4,96.12156862745098,217.77254901960785
4,93.8313725490196,201.69411764705882
4,91.68235294117648,215.38823529411764
4,104.14901960784314,214.8862745098039
4,84.97647058823529,220.2980392156863
4,96.92549019607843,217.2862745098039
4,94.98039215686275,208.8156862745098
4,97.76862745098039,231.921568627451
4,82.99215686274509,203.6235294117647
4,96.7921568627451,208.64313725490194
4,91.65490196078431,214.22745098039218
4,96.6,206.4313725490196
4,100.07843137254902,198.54117647058825
4,93.17254901960784,217.9294117647059
4,85.85490196078432,207.57647058823528
4,85.48627450980392,190.18039215686275
4,92.59607843137255,196.12549019607843
4,89.12549019607843,196.86274509803923
4,91.83921568627451,204.42352941176472
4,85.59607843137255,210.21176470588233
4,91.53725490196078,194.0705882352941
4,98.33333333333333,226.8392156862745
4,91.30588235294118,211.43529411764706
4,94.14901960784314,218.98039215686276
4,85.90196078431373,187.41960784313727
4,89.62745098039215,215.5294117647059
4,98.84313725490196,218.65098039215687
4,101.82745098039216,186.8862745098039
4,92.06274509803922,186.3529411764706
4,81.46666666666667,209.1137254901961
4,104.08235294117647,210.29019607843136
4,101.39607843137254,230.35294117647058
4,99.50980392156863,218.7764705882353
4,86.6470588235294,211.76470588235293
4,95.69803921568628,228.21960784313725
4,84.94117647058823,196.59607843137255
4,86.78823529411764,199.35686274509803
4,101.64313725490196,190.85490196078433
4,93.34509803921569,224.26666666666665
4,94.09019607843138,222.83921568627449
4,86.24313725490197,202.0705882352941
4,84.87843137254902,217.6156862745098
4,89.6,187.2156862745098
4,88.65882352941176,187.60784313725492
4,88.93725490196078,212.21960784313725
4,95.45098039215686,223.89019607843136
4,89.56078431372549,229.38039215686274
4,96.06274509803922,231.67058823529413
4,100.49019607843137,211.1529411764706
4,81.70196078431373,208.54901960784315
4,88.38039215686274,226.02352941176468
4,90.32549019607843,189.08235294117648
4,104.98039215686275,224.87843137254902
4,90.50980392156863,193.6
4,88.37647058823529,219.05882352941177
4,88.85490196078432,219.84313725490196
4,101.04313725490196,230.3372549019608
4,98.2,205.36470588235295
4,89.29803921568627,187.6392156862745
4,98.14509803921568,208.56470588235294
4,88.83921568627451,187.9686274509804
4,95.59607843137255,220.14117647058822
4,90.48627450980392,221.78823529411764
4,95.73725490196078,236.26666666666665
4,85.5921568627451,208.92549019607844
4,89.09411764705882,228.56470588235294
4,105.0,187.57647058823528
4,93.6,226.8862745098039
4,101.68627450980392,223.6235294117647
4,91.9843137254902,226.54117647058825
4,95.52941176470588,231.34117647058824
4,91.09019607843138,203.2
4,105.43529411764706,210.3843137254902
4,101.27843137254902,190.65098039215684
4,97.09019607843138,212.54901960784315
4,92.21176470588236,209.6156862745098
4,85.03529411764706,207.82745098039214
4,96.46666666666667,216.078431372549
4,94.94117647058823,230.05490196078432
4,105.1843137254902,222.96470588235292
4,94.6,206.2901960784314
4,105.71372549019608,213.2549019607843
4,104.63529411764706,220.26666666666665
4,95.70588235294117,213.74117647058824
4,94.46274509803922,207.74901960784314
4,93.84313725490196,207.07450980392156
4,91.99607843137255,188.17254901960786
4,90.6470588235294,212.36078431372547
4,90.6,189.9294117647059
4,95.41176470588235,181.69411764705882
4,102.5764705882353,185.69411764705882
4,103.07058823529412,209.06666666666666
4,82.60392156862746,200.61176470588236
4,83.23137254901961,204.87843137254902
4,88.22745098039216,214.2901960784314
4,91.10980392156863,192.87843137254902
4,92.28235294117647,196.10980392156864
4,105.10588235294118,225.2549019607843
4,96.45490196078431,218.58823529411762
4,89.23529411764706,213.1921568627451
4,101.99215686274509,206.85490196078433
4,104.09019607843138,211.16862745098038
4,88.96862745098039,198.10196078431372
4,94.59607843137255,189.1450980392157
4,88.66666666666667,211.38823529411764
4,89.32156862745099,233.75686274509803
4,92.22745098039216,203.95294117647057
4,86.6313725490196,205.77254901960785
4,96.10196078431373,220.04705882352943
4,85.9843137254902,218.3843137254902
4,105.27843137254902,224.0313725490196
4,100.52156862745097,185.85098039215686
4,82.80392156862744,206.10196078431375
4,87.08627450980393,228.18823529411765
4,96.09803921568627,192.92549019607844
4,83.96862745098039,202.25882352941176
4,92.8,216.3607843137255
4,85.52156862745097,207.13725490196077
4,92.08235294117647,205.58431372549018
4,93.4,220.83137254901962
4,104.62352941176471,208.47058823529412
4,100.0156862745098,216.3607843137255
4,89.09803921568627,184.34509803921569
4,89.27843137254902,210.66666666666669
4,93.30196078431372,208.7686274509804
4,97.40392156862745,234.30588235294118
4,85.38823529411765,221.9294117647059
4,100.66274509803921,188.64313725490194
4,85.21960784313725,209.1607843137255
4,100.88627450980393,226.7764705882353
5,109.49019607843137,267.4823529411765
5,112.72941176470589,237.81960784313725
5,111.85098039215686,274.3686274509804
5,102.69803921568628,274.03921568627453
5,94.97647058823529,254.54117647058825
5,87.07843137254902,255.29411764705884
5,97.2156862745098,274.1490196078431
5,107.96078431372548,250.76078431372548
5,94.07450980392157,247.9686274509804
5,91.45098039215686,229.1764705882353
5,93.04705882352941,259.37254901960785
5,89.23137254901961,263.4980392156863
5,96.17254901960784,245.2549019607843
5,93.82352941176471,255.87450980392157
5,88.48627450980392,265.00392156862745
5,109.3921568627451,250.94901960784313
5,115.29803921568627,252.04705882352943
5,95.30196078431372,243.05882352941177
5,94.18039215686275,264.6745098039215
5,96.30980392156863,247.23137254901962
5,106.91764705882353,275.0901960784314
5,86.65098039215687,236.28235294117647
5,98.97647058823529,248.721568627451
5,102.6470588235294,230.0862745098039
5,90.81960784313725,263.9843137254902
5,94.05098039215686,264.94117647058823
5,91.65490196078431,228.32941176470587
5,99.87058823529412,253.01960784313724
5,93.6156862745098,253.5686274509804
5,95.35686274509804,238.69803921568626
5,85.39607843137254,240.23529411764707
5,105.07450980392157,258.3372549019608
5,97.53725490196078,252.62745098039215
5,103.32549019607843,248.50196078431372
5,100.32549019607843,251.82745098039214
5,105.27058823529411,262.19607843137254
5,90.10196078431373,226.54117647058825
5,91.7607843137255,262.321568627451
5,107.65098039215687,255.63921568627453
5,86.11764705882354,254.4156862745098
5,93.3529411764706,250.19607843137254
5,92.49803921568628,238.7450980392157
5,98.90196078431373,271.89019607843136
5,87.90980392156862,250.58823529411762
5,97.20392156862745,252.76862745098038
5,103.2156862745098,234.57254901960783
5,93.11372549019607,236.3450980392157
5,110.36470588235294,245.58431372549018
5,96.12941176470588,277.6313725490196
5,100.45098039215686,238.94901960784313
5,89.73333333333333,236.97254901960784
5,111.15686274509804,244.64313725490197
5,99.67450980392157,240.3607843137255
5,87.15294117647059,268.25098039215686
5,115.6,256.17254901960786
5,100.37254901960785,251.5921568627451
5,98.87058823529412,252.2823529411765
5,96.95686274509804,268.8
5,89.7843137254902,240.26666666666665
5,103.83921568627451,268.56470588235294
5,102.67450980392157,217.42745098039217
5,99.41176470588235,269.53725490196075
5,89.13333333333334,248.5176470588235
5,100.06274509803922,219.37254901960785
5,86.44705882352942,241.45882352941177
5,94.2078431372549,277.06666666666666
5,103.63921568627451,235.78039215686275
5,87.18039215686275,232.70588235294116
5,94.04313725490196,241.38039215686274
5,110.43137254901961,254.4313725490196
5,97.80392156862744,260.8
5,98.62745098039215,260.8156862745098
5,94.85882352941177,228.5176470588235
5,94.3529411764706,255.89019607843136
5,111.61176470588235,266.3529411764706
5,102.87450980392157,235.921568627451
5,97.58431372549019,257.34901960784316
5,116.2,251.32549019607842
5,92.13725490196079,247.6235294117647
5,87.1843137254902,235.921568627451
5,84.85098039215686,250.19607843137254
5,107.41176470588235,236.42352941176472
5,101.67843137254901,276.2980392156863
5,104.3843137254902,263.59215686274507
5,102.48627450980392,240.86274509803923
5,86.08235294117647,246.8078431372549
5,107.52941176470588,235.67058823529413
5,102.79607843137255,263.01176470588234
5,91.25882352941177,265.75686274509803
5,90.55686274509804,251.6549019607843
5,106.05882352941177,275.9686274509804
5,105.67058823529412,275.2470588235294
5,97.07058823529412,225.69411764705882
5,94.01176470588236,227.90588235294115
5,106.39607843137254,249.88235294117646
5,107.72941176470589,265.4901960784314
5,98.81176470588235,279.15294117647056
5,114.47058823529412,233.41176470588235
5,93.35686274509804,258.10196078431375
5,112.33333333333333,250.21176470588233
5,85.52549019607844,258.0549019607843
5,93.50980392156863,244.12549019607843
5,98.87058823529412,247.09019607843135
5,99.07843137254902,260.18823529411765
5,95.23529411764706,244.15686274509804
5,93.33333333333333,276.2352941176471
5,93.14117647058823,274.1490196078431
5,85.64313725490196,243.85882352941178
5,92.4235294117647,234.94901960784313
5,88.47843137254903,257.67843137254897
5,107.00784313725491,269.7882352941176
5,97.35686274509804,232.95686274509805
5,99.95686274509804,230.87058823529412
5,88.78823529411764,250.0705882352941
5,104.5921568627451,265.9764705882353
5,104.1686274509804,252.0156862745098
5,90.68627450980392,235.60784313725492
5,99.47450980392156,239.82745098039214
5,105.6156862745098,282.11764705882354
5,101.1843137254902,269.75686274509803
5,88.32941176470588,252.06274509803922
5,107.47843137254903,246.90196078431373
5,115.43529411764706,260.8941176470588
5,102.6,234.11764705882354
5,93.90588235294118,232.7372549019608
5,102.67843137254901,217.41176470588232
5,108.50588235294117,274.9019607843137
5,93.07450980392157,221.9137254901961
5,110.90196078431373,237.41176470588238
5,91.62352941176471,264.78431372549016
5,97.45490196078431,239.13725490196077
5,98.71764705882353,247.30980392156863
5,96.24313725490197,238.87058823529412
5,102.88627450980393,282.61960784313726
5,89.65490196078431,244.58039215686273
5,87.12156862745098,243.02745098039216
5,90.92941176470588,239.1843137254902
5,105.60392156862746,280.69019607843137
5,98.33333333333333,260.0156862745098
5,87.8156862745098,244.67450980392158
5,101.94901960784314,275.95294117647063
5,115.50196078431372,254.50980392156862
5,112.8,255.01176470588234
5,95.96470588235294,259.81176470588235
5,88.97254901960784,251.24705882352941
5,95.37254901960785,249.49019607843138
5,102.86666666666666,264.70588235294116
5,93.44705882352942,232.69019607843137
5,86.59607843137255,249.00392156862745
5,90.09803921568627,258.9490196078431
5,109.65882352941176,253.14509803921567
5,91.49411764705883,257.2392156862745
5,96.01960784313725,259.8274509803922
5,115.72549019607843,240.59607843137255
5,84.98823529411764,250.19607843137254
5,108.63921568627451,256.69019607843137
5,92.14509803921568,253.34901960784316
5,94.61176470588235,251.9686274509804
5,102.7607843137255,260.721568627451
5,97.4235294117647,279.02745098039213
5,91.67058823529412,251.09019607843138
5,93.91764705882353,243.40392156862745
5,91.96862745098039,267.01176470588234
5,110.78823529411764,274.60392156862747
5,95.74509803921569,260.2823529411765
5,96.6470588235294,250.3843137254902
5,91.68235294117648,251.6235294117647
5,87.2392156862745,254.18039215686275
5,101.41568627450981,280.156862745098
5,94.11764705882354,279.38823529411764
5,96.85882352941177,226.85490196078433
5,90.18039215686275,250.87058823529412
5,100.65490196078431,220.26666666666665
5,90.91764705882353,224.94117647058823
5,111.66274509803921,258.47843137254904
5,104.69019607843137,259.20000000000005
5,112.86274509803921,231.7019607843137
5,95.04705882352941,263.121568627451
5,89.18823529411765,231.9686274509804
5,89.85490196078432,228.87843137254902
5,113.32941176470588,270.0862745098039
5,87.00784313725491,263.4196078431372
5,90.66666666666667,239.6235294117647
5,93.47450980392156,277.1921568627451
5,89.40392156862745,256.26666666666665
5,85.03529411764706,245.05098039215687
5,91.28627450980392,225.06666666666666
5,93.0156862745098,278.24313725490197
5,108.01960784313725,255.921568627451
5,96.85098039215686,246.11764705882354
5,113.96470588235294,249.69411764705882
5,93.83921568627451,240.84705882352944
5,88.51372549019608,251.74901960784314
5,91.89019607843137,247.2627450980392
5,110.98039215686275,256.9098039215686
5,108.98823529411764,245.75686274509803
5,114.23529411764706,267.4980392156863
5,94.68235294117648,239.1686274509804
5,103.53333333333333,275.54509803921565
5,103.87450980392157,278.49411764705883
5,102.26274509803922,217.06666666666666
5,110.58431372549019,250.94901960784313
5,98.39607843137254,257.75686274509803
5,114.21176470588236,258.1490196078431
5,117.47058823529412,254.02352941176468
5,113.65882352941176,267.52941176470586
5,95.24705882352941,263.37254901960785
5,101.26274509803922,274.99607843137255
5,91.64313725490196,242.68235294117648
5,93.13725490196079,249.5686274509804
5,87.88627450980393,250.57254901960783
5,105.9843137254902,233.80392156862746
5,116.94509803921568,249.05098039215687
5,90.19607843137256,270.6980392156863
5,92.24313725490197,261.6156862745098
5,104.01960784313725,276.97254901960787
5,96.70980392156862,271.4823529411765
5,113.13333333333334,270.19607843137254
5,103.70980392156862,262.18039215686275
5,111.45098039215686,245.67843137254903
5,95.81960784313725,275.5764705882353
5,88.23137254901961,247.30980392156863
5,91.15294117647059,253.86666666666667
5,87.95294117647059,254.14901960784314
5,88.39607843137254,262.11764705882354
5,100.8078431372549,272.2980392156863
5,105.74117647058823,274.10196078431375
5,103.26666666666667,267.15294117647056
5,110.30588235294118,255.5607843137255
5,106.31764705882352,269.01960784313724
5,96.48235294117647,249.6156862745098
5,99.56862745098039,244.06274509803922
5,98.26666666666667,236.94117647058823
5,103.8,265.9921568627451
5,93.01960784313725,224.67450980392158
5,86.38823529411765,262.0705882352941
5,96.74509803921569,264.5019607843137
5,101.87058823529412,277.6
5,97.74117647058823,261.8352941176471
5,101.4078431372549,245.5843137254902
5,113.83921568627451,270.11764705882354
5,87.2156862745098,238.24313725490197
5,94.85490196078432,267.51372549019607
5,92.69411764705882,276.0470588235294
5,112.47843137254903,266.964705882353
5,101.2235294117647,247.59215686274513
5,113.50588235294117,255.1843137254902
5,85.65882352941176,243.5921568627451
5,102.37254901960785,283.2627450980392
5,103.45098039215686,229.00392156862745
5,90.45490196078431,242.94901960784313
5,89.78039215686275,240.29803921568626
5,89.95294117647059,260.94117647058823
5,109.49803921568628,267.0901960784314
5,107.92941176470588,275.278431372549
5,112.48627450980392,271.3254901960784
5,91.27843137254902,233.45882352941175
5,95.23529411764706,245.00392156862745
5,86.26274509803922,256.878431372549
5,97.96078431372548,248.61176470588236
5,102.11372549019607,235.5607843137255
5,108.05098039215686,256.58039215686273
5,101.23529411764706,230.58823529411765
5,92.92941176470588,246.50980392156862
5,88.89803921568627,252.87843137254902
5,101.85098039215686,276.0313725490196
5,102.6156862745098,240.67450980392158
5,92.19607843137256,250.8392156862745
5,96.34901960784313,266.3372549019608
5,116.50980392156863,242.32156862745097
5,85.48235294117647,245.00392156862745
5,108.49019607843137,278.0235294117647
5,95.18823529411765,258.4313725490196
5,93.06666666666666,247.84313725490196
5,99.97647058823529,251.93725490196078
5,103.32941176470588,269.6313725490196
5,103.49019607843137,265.5529411764706
5,99.38823529411765,259.7019607843137
5,88.07450980392157,250.54117647058823
5,90.14509803921568,233.66274509803924
5,91.47843137254903,251.6235294117647
5,100.35686274509804,283.9843137254902
5,90.0,275.15294117647056
5,107.62745098039215,275.8588235294118
5,101.45098039215686,240.8470588235294
5,113.81176470588235,245.42745098039217
5,96.12156862745098,279.0431372549019
5,98.43921568627451,261.45882352941175
5,95.14117647058823,244.4549019607843
5,106.88235294117646,256.0156862745098
5,117.63921568627451,246.76078431372548
